Run ID,Agent Name,Task,Result,Timestamp
6336b156-439f-4c2d-91bd-516cab7fa436,Facebook-Agent,Create posts to advertise the upcoming fight night event: November 2nd Manuel art time theater Little Havana 6pm  ,"### Post 1: Event Announcement

ğŸ—“ï¸ **Mark Your Calendars! Fight Night is Coming!** ğŸ¥Š

Join us on **November 2nd** at the **Manuel Art Time Theater** in **Little Havana** for an electrifying night of amateur fights! ğŸ‰

ğŸ“ **Location:** Manuel Art Time Theater, Little Havana  
ğŸ•• **Time:** 6 PM  

Get ready to witness some of the fiercest fighters in Miami battle it out in the ring! Whether you're a die-hard fan or new to the fight scene, this is an event you won't want to miss! 

ğŸ‘‰ **Tag your friends** and let us know who you're rooting for in the comments! 

ğŸŸï¸ **Tickets are limited!** Grab yours now and support local talent! [Link to tickets]

#305FightsTV #FightNight #MiamiFights #SupportLocalFighters

---

### Post 2: Fighter Spotlight

ğŸ”¥ **Fighter Spotlight: Meet the Warriors of November 2nd!** ğŸ”¥

As we gear up for Fight Night at the **Manuel Art Time Theater**, we want to introduce you to some of the incredible fighters who will be stepping into the ring! ğŸ¥‹

ğŸ’ª **[Fighter Name 1]** - Known for their lightning-fast kicks and relentless spirit!  
ğŸ’ª **[Fighter Name 2]** - A grappling expert with a heart of a lion!  
ğŸ’ª **[Fighter Name 3]** - The crowd favorite with a knockout punch!

Who are you most excited to see? Drop their name in the comments! ğŸ‘‡

ğŸ“… **Don't forget:** November 2nd, 6 PM, Little Havana!  
ğŸŸï¸ **Get your tickets now!** [Link to tickets]

#305FightsTV #FighterSpotlight #FightNight #MiamiFights

---

### Post 3: Countdown to Fight Night

â³ **Countdown to Fight Night: Just 1 Week to Go!** â³

The excitement is building as we approach **November 2nd**! Are you ready for an unforgettable night of action at the **Manuel Art Time Theater**? ğŸ¥Š

ğŸ‰ **What to Expect:**  
- Thrilling matches  
- Local talent showcasing their skills  
- An electric atmosphere with fellow fight fans!  

ğŸ“ **Location:** Manuel Art Time Theater, Little Havana  
ğŸ•• **Time:** 6 PM  

ğŸ‘‰ **Share this post** and invite your friends to join the fight community! Letâ€™s make this a night to remember! 

#305FightsTV #FightNightCountdown #MiamiFights #SupportLocalFighters

---

### Post 4: Live Event Reminder

ğŸš¨ **Fight Night is Almost Here!** ğŸš¨

Just a few days left until we take over the **Manuel Art Time Theater** in **Little Havana** for an epic night of fights! ğŸ¥‹ğŸ”¥

ğŸ“… **Date:** November 2nd  
ğŸ•• **Time:** 6 PM  

ğŸ¥ **Can't make it in person?** Donâ€™t worry! Weâ€™ll be live streaming the event on our Facebook page! Stay tuned for all the action! 

ğŸ‘‰ **Comment below** if youâ€™ll be joining us live or watching from home! 

#305FightsTV #FightNight #LiveStreaming #MiamiFights

---

Feel free to customize the fighter names and ticket links as needed! Letâ€™s get the buzz going for Fight Night! ğŸ¥ŠğŸ‰",2024-09-06T19:25:59.463407
6336b156-439f-4c2d-91bd-516cab7fa436,Instagram-Agent,Create posts to advertise the upcoming fight night event: November 2nd Manuel art time theater Little Havana 6pm  ,"### Instagram Post Ideas for Upcoming Fight Night Event

#### Post 1: Event Announcement
**Image/Video:** A dynamic graphic featuring the event details with a background of fighters in action or a vibrant shot of the Manuel Art Time Theater.

**Caption:**
ğŸ¥Š **Get Ready for Fight Night!** ğŸ¥Š  
Join us on **November 2nd** at the **Manuel Art Time Theater** in Little Havana for an electrifying night of amateur fighting! ğŸ’¥  
ğŸ•• **Time:** 6 PM  
ğŸŸï¸ **Tickets:** [Link in Bio]  

Tag your fight buddies and letâ€™s make some noise! ğŸ”¥  
#305FightsTV #FightNight #MiamiFights #AmateurFighting #LittleHavana

---

#### Post 2: Fighter Spotlight
**Image/Video:** A short video clip or a carousel post featuring fighters who will be competing, with their stats and a brief bio.

**Caption:**
ğŸ‘Š **Fighter Spotlight: [Fighter Name]**  
This November 2nd, watch [Fighter Name] take the ring at the Manuel Art Time Theater!  
ğŸ’ª **Record:** [Wins-Losses]  
ğŸ”¥ **Style:** [Martial Arts Style]  
ğŸŒŸ **Why You Should Watch:** [A brief reason why this fighter is exciting to watch]

Donâ€™t miss out on the action! Grab your tickets now! ğŸŸï¸  
#305FightsTV #FighterSpotlight #FightNight #MiamiFights

---

#### Post 3: Countdown to Fight Night
**Image/Video:** A countdown graphic or a short video montage of past fights leading up to the event.

**Caption:**
â³ **Countdown to Fight Night!** Only [X days] to go!  
Join us on **November 2nd** at the **Manuel Art Time Theater** for an unforgettable evening of adrenaline and excitement!  
Who are you most excited to see? Let us know in the comments! ğŸ‘‡  
#305FightsTV #Countdown #FightNight #MiamiFights

---

### Instagram Story Ideas

#### Story 1: Event Reminder
- **Slide 1:** â€œFight Night is Coming!â€ (with a countdown sticker)
- **Slide 2:** Event details: â€œNovember 2nd | Manuel Art Time Theater | 6 PMâ€
- **Slide 3:** â€œTag your fight crew!â€ (with a poll: â€œWhoâ€™s coming?â€ Yes/No)

#### Story 2: Behind the Scenes
- **Slide 1:** â€œPreparing for Fight Night!â€ (show clips of fighters training)
- **Slide 2:** â€œMeet the Fighters!â€ (short clips of fighters introducing themselves)
- **Slide 3:** â€œGet Your Tickets Now!â€ (swipe up link or link sticker)

#### Story 3: Engagement
- **Slide 1:** â€œWhatâ€™s your favorite fighting style?â€ (poll: â€œMMA / Boxing / Muay Thai / Otherâ€)
- **Slide 2:** â€œWho do you think will win on November 2nd?â€ (question sticker for responses)

### Instagram Ads
- **Ad Type:** Carousel Ad featuring event details, fighter spotlights, and a call-to-action for ticket purchases.
- **Target Audience:** Individuals aged 17-65 interested in martial arts, combat sports, and local events in Miami.

By utilizing these posts and stories, you can effectively promote the upcoming fight night event and engage with your audience on Instagram!",2024-09-06T19:25:59.463407
6336b156-439f-4c2d-91bd-516cab7fa436,Twitter-Agent,Create posts to advertise the upcoming fight night event: November 2nd Manuel art time theater Little Havana 6pm  ,"Sure! Here are some engaging tweets to promote the upcoming fight night event on November 2nd at the Manuel Art Time Theater in Little Havana:

---

**Tweet 1:**
ğŸ¥ŠğŸ”¥ Get ready, fight fans! The most electrifying night of amateur fighting is coming to Little Havana! Join us on November 2nd at the Manuel Art Time Theater for an unforgettable evening of action! ğŸ‰ğŸ’¥ #305FightsTV #FightNight

---

**Tweet 2:**
ğŸ“… Mark your calendars! ğŸ—“ï¸ November 2nd is the date you donâ€™t want to miss! Witness the best amateur fighters battle it out at the Manuel Art Time Theater in Little Havana! Doors open at 6 PM! ğŸ¥‹ğŸ‘Š #305FightsTV #MiamiFights

---

**Tweet 3:**
ğŸ’¥ Who's ready for some adrenaline-pumping action? Join us on November 2nd at the Manuel Art Time Theater for an epic fight night! ğŸ¥Š Tag your fight buddies and letâ€™s make some noise! ğŸ™Œ #305FightsTV #FightNight #LittleHavana

---

**Tweet 4 (Poll):**
ğŸ¤” Who are you rooting for at the upcoming fight night on November 2nd? 
1ï¸âƒ£ Team A 
2ï¸âƒ£ Team B 
3ï¸âƒ£ Team C 
4ï¸âƒ£ Iâ€™m just here for the action! 
Vote and let us know! ğŸ¥ŠğŸ’ª #305FightsTV #FightNight

---

**Tweet 5 (Thread):**
ğŸ‰ Excitement is building for our Fight Night on November 2nd! Hereâ€™s what you need to know: 
1ï¸âƒ£ Location: Manuel Art Time Theater, Little Havana 
2ï¸âƒ£ Time: 6 PM 
3ï¸âƒ£ Tickets: [Link to purchase] 
Stay tuned for fighter highlights and more! ğŸ¥‹ğŸ”¥ #305FightsTV #MiamiFights

---

**Tweet 6 (Live Tweet Reminder):**
ğŸš¨ Live Tweet Alert! ğŸš¨ Join us on November 2nd as we bring you real-time updates from the fight night at Manuel Art Time Theater! Follow along for exclusive behind-the-scenes content and fighter interviews! ğŸ¥ŠğŸ“² #305FightsTV #FightNight

---

Feel free to adjust any details or add links as necessary! Letâ€™s get the buzz going for this exciting event! ğŸ‰",2024-09-06T19:25:59.463407
6336b156-439f-4c2d-91bd-516cab7fa436,TikTok-Agent,Create posts to advertise the upcoming fight night event: November 2nd Manuel art time theater Little Havana 6pm  ,"Sure! Here are some engaging TikTok post ideas to promote the upcoming fight night event on November 2nd at the Manuel Art Time Theater in Little Havana:

### Post Idea 1: Countdown Challenge
**Video Concept:** Create a countdown series leading up to the event. Start with a video of you or a fighter doing a quick training montage, then overlay text that says, ""Only [X] days until Fight Night!"" 

**Caption:** ""The countdown is on! ğŸ¥Š Are you ready for the ultimate showdown? Join us on November 2nd at the Manuel Art Time Theater! #305FightsTV #FightNight #Countdown""

---

### Post Idea 2: Fighter Spotlight
**Video Concept:** Feature short clips of the fighters who will be competing. Include their training routines, quick interviews, and highlight their skills. 

**Caption:** ""Meet the fighters who will be throwing down on November 2nd! ğŸ’¥ Who are you rooting for? #305FightsTV #FighterSpotlight #LittleHavana""

---

### Post Idea 3: Event Teaser
**Video Concept:** Create a dynamic teaser video with clips from previous fights, audience reactions, and the venue. Use trending music to enhance the excitement.

**Caption:** ""Get ready for an unforgettable night of action! ğŸ‰ Join us on November 2nd at the Manuel Art Time Theater for an epic fight night! Tag your fight buddies! #305FightsTV #FightNight #Miami""

---

### Post Idea 4: Behind-the-Scenes
**Video Concept:** Share behind-the-scenes footage of the event setup, fighter weigh-ins, or training sessions. 

**Caption:** ""Behind the scenes of Fight Night preparations! ğŸ¥‹âœ¨ Donâ€™t miss the action on November 2nd! #305FightsTV #BehindTheScenes #FightNight""

---

### Post Idea 5: Duet Challenge
**Video Concept:** Start a duet challenge where followers can show off their best fighting moves or techniques. 

**Caption:** ""Show us your best moves! ğŸ’ª Duet this video and tag us for a chance to be featured at Fight Night! Join us on November 2nd! #305FightsTV #DuetChallenge #FightNight""

---

### Post Idea 6: Event Details
**Video Concept:** Create a simple yet eye-catching video with the event details: date, time, location, and ticket info. Use bold text and energetic music.

**Caption:** ""Mark your calendars! ğŸ“… Fight Night is happening on November 2nd at the Manuel Art Time Theater! Get your tickets now! #305FightsTV #EventDetails #MiamiFights""

---

### Post Idea 7: Fan Engagement
**Video Concept:** Ask your followers to comment on who they think will win the upcoming fights. Use a poll format with visuals of the fighters.

**Caption:** ""Who do you think will take the win on November 2nd? ğŸ¤” Comment below! #305FightsTV #FightNight #Poll""

---

### Additional Tips:
- Use relevant hashtags to increase visibility.
- Engage with comments and encourage followers to share the posts.
- Consider running TikTok Ads to boost the reach of these posts leading up to the event.

Let me know if you need more ideas or specific content!",2024-09-06T19:25:59.463407
6336b156-439f-4c2d-91bd-516cab7fa436,YouTube-Agent,Create posts to advertise the upcoming fight night event: November 2nd Manuel art time theater Little Havana 6pm  ,"### Post 1: Event Announcement

ğŸ‰ **Get Ready for Fight Night!** ğŸ‰

Join us on **November 2nd** at the **Manuel Art Time Theater** in **Little Havana** for an electrifying night of amateur fighting! ğŸ¥ŠğŸ”¥

ğŸ—“ **Date:** November 2nd  
ğŸ•• **Time:** 6 PM  
ğŸ“ **Location:** Manuel Art Time Theater, Little Havana

Witness the best local fighters go head-to-head in an unforgettable showdown! Whether you're a die-hard martial arts fan or just looking for an exciting night out, this is an event you won't want to miss!

ğŸ‘‰ **Get your tickets now!** [Link to ticket purchase]

Stay tuned for more updates and fighter highlights leading up to the event! ğŸ’ª

#305FightsTV #FightNight #MiamiFights #AmateurFighting #LittleHavana

---

### Post 2: Countdown to Fight Night

â³ **Countdown to Fight Night!** â³

Only **[X days]** left until the action kicks off at the **Manuel Art Time Theater** in **Little Havana**! ğŸ¥‹ğŸ’¥

ğŸ“… **Date:** November 2nd  
ğŸ•• **Time:** 6 PM

Get ready to cheer for your favorite fighters as they battle it out for glory! ğŸ†

ğŸŸ **Tickets are selling fast!** Donâ€™t miss your chance to be part of this thrilling event! [Link to ticket purchase]

Who are you excited to see in the ring? Let us know in the comments! ğŸ‘‡

#305FightsTV #FightNight #MiamiFights #CountdownToFightNight

---

### Post 3: Fighter Spotlight

ğŸŒŸ **Fighter Spotlight: [Fighter Name]** ğŸŒŸ

As we gear up for Fight Night on **November 2nd**, weâ€™re excited to highlight one of our fierce competitors, **[Fighter Name]**! ğŸ¥Š

ğŸ“… **Event:** Fight Night  
ğŸ•• **Date & Time:** November 2nd, 6 PM  
ğŸ“ **Location:** Manuel Art Time Theater, Little Havana

[Fighter Name] has been training hard and is ready to bring the heat! ğŸ”¥

ğŸ‘‰ **Get your tickets now!** [Link to ticket purchase]

Who do you think will take home the win? Comment below! ğŸ‘‡

#305FightsTV #FighterSpotlight #FightNight #MiamiFights

---

### Post 4: Live Stream Announcement

ğŸ“º **Canâ€™t Make It to Fight Night?** Weâ€™ve Got You Covered! ğŸ“º

If you canâ€™t join us in person on **November 2nd**, donâ€™t worry! Weâ€™ll be live streaming the event on our YouTube channel! ğŸ¥âœ¨

ğŸ—“ **Date:** November 2nd  
ğŸ•• **Time:** 6 PM  
ğŸ“ **Location:** Manuel Art Time Theater, Little Havana

Subscribe to **305FightsTV** and turn on notifications so you donâ€™t miss a moment of the action! ğŸ””

ğŸ‘‰ **Watch live here:** [Link to YouTube channel]

Spread the word and letâ€™s make this Fight Night unforgettable! ğŸ’ª

#305FightsTV #LiveStream #FightNight #MiamiFights

---

Feel free to customize the posts with specific fighter names, ticket links, and any additional details you want to include!",2024-09-06T19:25:59.463407
6336b156-439f-4c2d-91bd-516cab7fa436,Event-Hosting-Agent,Create posts to advertise the upcoming fight night event: November 2nd Manuel art time theater Little Havana 6pm  ,"### Post 1: Event Announcement

ğŸš¨ **Fight Night Alert!** ğŸš¨

Get ready for an electrifying evening of amateur fighting action! Join us on **November 2nd** at the **Manuel Artime Theater** in **Little Havana** for an unforgettable night of skill, passion, and competition! ğŸ¥‹ğŸ’¥

ğŸ—“ **Date:** November 2nd  
ğŸ•• **Time:** 6 PM  
ğŸ“ **Location:** Manuel Artime Theater, Little Havana

Whether you're a fighter or a fan, this is the event you won't want to miss! Come support your favorite fighters and witness some incredible matchups. 

ğŸŸ **Tickets are on sale now!** Grab yours before they sell out! 

ğŸ‘‰ Follow us for updates and sneak peeks of the fighters!  
#305FightsTV #FightNight #AmateurFighting #MiamiEvents

---

### Post 2: Fighter Spotlight

ğŸ”¥ **Fighter Spotlight!** ğŸ”¥

As we gear up for Fight Night on **November 2nd**, weâ€™re excited to introduce some of the incredible fighters who will be stepping into the ring at the **Manuel Artime Theater**! ğŸ¥Š

ğŸ’ª **Meet [Fighter Name]** - Known for their explosive style and relentless determination, [Fighter Name] is ready to make their mark! 

ğŸ“… **Date:** November 2nd  
ğŸ•• **Time:** 6 PM  
ğŸ“ **Location:** Manuel Artime Theater, Little Havana

Who are you rooting for? Let us know in the comments! 

ğŸŸ **Get your tickets now and be part of the action!**  
#305FightsTV #FighterSpotlight #SupportLocalFighters

---

### Post 3: Countdown to Fight Night

â³ **Countdown to Fight Night!** â³

Only **[X days]** left until the most anticipated amateur fighting event in Miami! Join us on **November 2nd** at the **Manuel Artime Theater** for an evening filled with adrenaline and excitement! 

ğŸ—“ **Date:** November 2nd  
ğŸ•• **Time:** 6 PM  
ğŸ“ **Location:** Manuel Artime Theater, Little Havana

Bring your friends and family to cheer on our talented fighters! Letâ€™s make this a night to remember! 

ğŸŸ **Tickets available now!** Donâ€™t miss out!  
#305FightsTV #CountdownToFightNight #MiamiFights

---

### Post 4: Community Engagement

ğŸ¤¼â€â™‚ï¸ **Calling All Fighting Enthusiasts!** ğŸ¤¼â€â™€ï¸

Are you ready to witness the best amateur fighters in Miami? Join us on **November 2nd** at the **Manuel Artime Theater** for an action-packed Fight Night! 

ğŸ—“ **Date:** November 2nd  
ğŸ•• **Time:** 6 PM  
ğŸ“ **Location:** Manuel Artime Theater, Little Havana

We want to hear from YOU! What are you most excited to see at the event? Comment below and letâ€™s get the conversation going! 

ğŸŸ **Secure your tickets today!**  
#305FightsTV #FightNight #MiamiFightingCommunity

---

Feel free to customize the fighter names and any other details as needed!",2024-09-06T19:25:59.463407
6336b156-439f-4c2d-91bd-516cab7fa436,Facebook-Agent,Create posts to advertise the upcoming fight night event: November 2nd Manuel art time theater Little Havana 6pm  ,"### Post 1: Event Announcement

ğŸ‰ **Get Ready for Fight Night!** ğŸ¥Š

Join us on **November 2nd** at the **Manuel Art Time Theater** in **Little Havana** for an unforgettable evening of amateur fights! 

ğŸ“ **Location:** Manuel Art Time Theater, Little Havana  
ğŸ•• **Time:** 6 PM  

Witness the passion and skill of Miami's finest fighters as they battle it out in the ring! Whether you're a seasoned fan or new to the fight scene, this is the event for you! 

ğŸ‘‰ **Tag your fight buddies** and let us know who youâ€™re cheering for in the comments! 

ğŸŸï¸ **Limited tickets available!** Donâ€™t miss outâ€”grab yours now! [Link to tickets]

#305FightsTV #FightNight #MiamiFights #SupportLocalFighters

---

### Post 2: Meet the Fighters

ğŸ”¥ **Fight Night is Almost Here! Meet the Fighters!** ğŸ”¥

As we gear up for the big night on **November 2nd**, letâ€™s shine a spotlight on some of the incredible fighters who will be showcasing their skills at the **Manuel Art Time Theater**! ğŸ¥‹

ğŸ’ª **[Fighter Name 1]** - Known for their explosive energy and powerful strikes!  
ğŸ’ª **[Fighter Name 2]** - A tactical genius with a knack for submissions!  
ğŸ’ª **[Fighter Name 3]** - The crowd favorite with a reputation for thrilling knockouts!

Who are you most excited to see in action? Drop their name in the comments! ğŸ‘‡

ğŸ“… **Donâ€™t forget:** November 2nd, 6 PM, Little Havana!  
ğŸŸï¸ **Get your tickets now!** [Link to tickets]

#305FightsTV #MeetTheFighters #FightNight #MiamiFights

---

### Post 3: One Week Countdown

â³ **One Week Until Fight Night!** â³

The countdown is on! Just **7 days** until we light up the **Manuel Art Time Theater** with an action-packed night of fights! ğŸ¥Š

ğŸ‰ **What to Expect:**  
- Intense matchups  
- Local talent showcasing their skills  
- An electric atmosphere with fellow fight enthusiasts!  

ğŸ“ **Location:** Manuel Art Time Theater, Little Havana  
ğŸ•• **Time:** 6 PM  

ğŸ‘‰ **Share this post** and invite your friends to join the fight community! Letâ€™s make this a night to remember! 

#305FightsTV #FightNightCountdown #MiamiFights #SupportLocalFighters

---

### Post 4: Live Streaming Announcement

ğŸš¨ **Fight Night is Almost Here!** ğŸš¨

Just a few days left until we take over the **Manuel Art Time Theater** in **Little Havana** for an epic night of fights! ğŸ¥‹ğŸ”¥

ğŸ“… **Date:** November 2nd  
ğŸ•• **Time:** 6 PM  

ğŸ¥ **Canâ€™t make it in person?** No worries! Weâ€™ll be live streaming the event on our Facebook page! Stay tuned for all the action! 

ğŸ‘‰ **Comment below** if youâ€™ll be joining us live or watching from home! 

#305FightsTV #FightNight #LiveStreaming #MiamiFights

---

Feel free to adjust fighter names and ticket links as necessary! Letâ€™s create excitement for Fight Night! ğŸ¥ŠğŸ‰",2024-09-06T19:25:59.463407
6336b156-439f-4c2d-91bd-516cab7fa436,Instagram-Agent,Create posts to advertise the upcoming fight night event: November 2nd Manuel art time theater Little Havana 6pm  ,"### Instagram Post Ideas for Upcoming Fight Night Event

#### Post 1: Event Announcement
**Image/Video:** A bold graphic featuring the event details with an action-packed background of fighters in the ring.

**Caption:**
ğŸ¥Š **Fight Night is Here!** ğŸ¥Š  
Mark your calendars for **November 2nd** at the **Manuel Art Time Theater** in Little Havana! Get ready for an adrenaline-fueled evening of amateur fighting! ğŸ’¥  
ğŸ•• **Time:** 6 PM  
ğŸŸï¸ **Tickets:** [Link in Bio]  

Bring your friends and letâ€™s support our fighters! Who are you rooting for? ğŸ”¥  
#305FightsTV #FightNight #MiamiFights #AmateurFighting #LittleHavana

---

#### Post 2: Meet the Fighters
**Image/Video:** A carousel post featuring headshots of the fighters with their names and a brief highlight of their fighting styles.

**Caption:**
ğŸ‘Š **Meet the Fighters!**  
Get ready to cheer for these incredible athletes on **November 2nd**!  
ğŸ’ª **[Fighter Name 1]** - [Fighting Style]  
ğŸ’ª **[Fighter Name 2]** - [Fighting Style]  
ğŸ’ª **[Fighter Name 3]** - [Fighting Style]  

Who are you most excited to see in action? Let us know in the comments! ğŸ‰  
#305FightsTV #MeetTheFighters #FightNight #MiamiFights

---

#### Post 3: Event Countdown
**Image/Video:** A countdown graphic with a dynamic video montage of previous fights.

**Caption:**
â³ **The Countdown Begins!**  
Only [X days] until Fight Night at the **Manuel Art Time Theater**!  
Join us on **November 2nd** for an unforgettable night of action!  
Tag your fight crew and letâ€™s get hyped! ğŸ’¥  
#305FightsTV #CountdownToFightNight #MiamiFights

---

### Instagram Story Ideas

#### Story 1: Event Details
- **Slide 1:** â€œFight Night is Almost Here!â€ (with a countdown sticker)
- **Slide 2:** Event details: â€œNovember 2nd | Manuel Art Time Theater | 6 PMâ€
- **Slide 3:** â€œGet Your Tickets Now!â€ (swipe up link or link sticker)

#### Story 2: Fighter Previews
- **Slide 1:** â€œMeet Our Fighters!â€ (show clips of fighters training)
- **Slide 2:** â€œWhoâ€™s Ready to Rumble?â€ (short clips of fighters hyping up)
- **Slide 3:** â€œDonâ€™t Miss Out!â€ (reminder to grab tickets)

#### Story 3: Engagement Poll
- **Slide 1:** â€œWhatâ€™s Your Favorite Fighting Style?â€ (poll: â€œMMA / Boxing / Kickboxingâ€)
- **Slide 2:** â€œWho Do You Think Will Win?â€ (question sticker for responses)

### Instagram Ads
- **Ad Type:** Video Ad showcasing highlights from previous events, fighter introductions, and event details.
- **Target Audience:** Individuals aged 17-65 interested in martial arts, combat sports, and local Miami events.

By implementing these posts and stories, you can effectively create buzz around the upcoming fight night event and engage your audience on Instagram!",2024-09-06T19:25:59.463407
6336b156-439f-4c2d-91bd-516cab7fa436,Twitter-Agent,Create posts to advertise the upcoming fight night event: November 2nd Manuel art time theater Little Havana 6pm  ,"Absolutely! Here are some fresh tweets to promote the upcoming fight night event on November 2nd at the Manuel Art Time Theater in Little Havana:

---

**Tweet 1:**
ğŸ¥ŠğŸ’¥ Fight fans, are you ready? The ultimate showdown is happening on November 2nd at the Manuel Art Time Theater in Little Havana! Join us at 6 PM for an unforgettable night of amateur fighting! ğŸ‰ #305FightsTV #FightNight

---

**Tweet 2:**
ğŸ“£ Calling all fight enthusiasts! ğŸ“… November 2nd is your chance to witness the fiercest amateur fighters in action! Donâ€™t miss out at the Manuel Art Time Theater, doors open at 6 PM! ğŸ¥‹ğŸ‘Š #305FightsTV #MiamiFights

---

**Tweet 3:**
ğŸ”¥ The countdown is on! ğŸ”¥ Join us for an electrifying fight night on November 2nd at the Manuel Art Time Theater! Bring your friends and letâ€™s cheer for our favorite fighters! ğŸ™ŒğŸ¥Š #305FightsTV #FightNight #LittleHavana

---

**Tweet 4 (Poll):**
ğŸ¤” Who are you most excited to see fight on November 2nd? 
1ï¸âƒ£ Fighter A 
2ï¸âƒ£ Fighter B 
3ï¸âƒ£ Fighter C 
4ï¸âƒ£ Just here for the thrill! 
Cast your vote! ğŸ¥ŠğŸ’ª #305FightsTV #FightNight

---

**Tweet 5 (Thread):**
ğŸŠ Fight Night is almost here! Hereâ€™s what you need to know for November 2nd: 
1ï¸âƒ£ ğŸ“ Location: Manuel Art Time Theater, Little Havana 
2ï¸âƒ£ â° Time: 6 PM 
3ï¸âƒ£ ğŸŸï¸ Tickets: [Link to purchase] 
Stay tuned for fighter spotlights and event updates! ğŸ¥‹ğŸ”¥ #305FightsTV #MiamiFights

---

**Tweet 6 (Live Tweet Reminder):**
ğŸš¨ Get ready for LIVE updates! ğŸš¨ On November 2nd, follow us for real-time action from the fight night at Manuel Art Time Theater! Exclusive content and fighter interviews await! ğŸ¥ŠğŸ“² #305FightsTV #FightNight

---

Feel free to customize these tweets with any additional details or links! Letâ€™s create some excitement for this amazing event! ğŸ‰",2024-09-06T19:25:59.463407
6336b156-439f-4c2d-91bd-516cab7fa436,TikTok-Agent,Create posts to advertise the upcoming fight night event: November 2nd Manuel art time theater Little Havana 6pm  ,"Absolutely! Here are some tailored TikTok post ideas specifically for the upcoming fight night event on November 2nd at the Manuel Art Time Theater in Little Havana at 6 PM:

### Post Idea 1: Event Announcement
**Video Concept:** Create a visually striking video with clips of past fights, the venue, and a countdown timer. Use upbeat music to build excitement.

**Caption:** ""ğŸ”¥ Fight Night is almost here! Join us on November 2nd at the Manuel Art Time Theater in Little Havana at 6 PM! Donâ€™t miss the action! #305FightsTV #FightNight #Miami""

---

### Post Idea 2: Meet the Fighters
**Video Concept:** Feature short clips of the fighters who will be competing, showcasing their skills and personalities. Include a quick intro for each fighter.

**Caption:** ""Meet the warriors stepping into the ring on November 2nd! ğŸ’ª Who are you cheering for? #305FightsTV #MeetTheFighters #LittleHavana""

---

### Post Idea 3: Venue Highlight
**Video Concept:** Showcase the Manuel Art Time Theater with a quick tour of the venue, highlighting its atmosphere and seating arrangements.

**Caption:** ""Check out the venue for Fight Night! ğŸŸï¸ Join us at the Manuel Art Time Theater on November 2nd at 6 PM! Get your tickets now! #305FightsTV #VenueHighlight #FightNight""

---

### Post Idea 4: Training Montage
**Video Concept:** Compile a montage of fighters training for the event, showing their dedication and hard work.

**Caption:** ""The grind never stops! ğŸ’¥ Watch our fighters prepare for the ultimate showdown on November 2nd! #305FightsTV #Training #FightNight""

---

### Post Idea 5: Ticket Reminder
**Video Concept:** Create a fun and engaging video reminding fans to get their tickets, using eye-catching graphics and animations.

**Caption:** ""Have you got your tickets yet? ğŸŸï¸ Donâ€™t miss out on Fight Night on November 2nd! Get yours now! #305FightsTV #TicketReminder #MiamiFights""

---

### Post Idea 6: Fan Reactions
**Video Concept:** Share clips of fans from previous events cheering and reacting to the fights. 

**Caption:** ""The energy is electric! âš¡ï¸ Be part of the excitement on November 2nd at the Manuel Art Time Theater! #305FightsTV #FanReactions #FightNight""

---

### Post Idea 7: Challenge Your Followers
**Video Concept:** Create a challenge for your followers to show their best fight moves or techniques, encouraging them to tag you.

**Caption:** ""Think youâ€™ve got what it takes? ğŸ’¥ Show us your best moves and tag us! Join us for Fight Night on November 2nd! #305FightsTV #Challenge #FightNight""

---

### Post Idea 8: Last-Minute Hype
**Video Concept:** As the event approaches, create a hype video with fast cuts of fighters, the crowd, and the venue, building anticipation.

**Caption:** ""Just days away from the action! Are you ready for Fight Night on November 2nd? Letâ€™s go! ğŸ”¥ #305FightsTV #Hype #FightNight""

---

### Additional Tips:
- Use trending sounds and effects to enhance your videos.
- Engage with your audience by responding to comments and encouraging shares.
- Utilize TikTok Ads to promote these posts for greater reach.

Let me know if you need further assistance or more ideas!",2024-09-06T19:25:59.463407
6336b156-439f-4c2d-91bd-516cab7fa436,YouTube-Agent,Create posts to advertise the upcoming fight night event: November 2nd Manuel art time theater Little Havana 6pm  ,"### Post 1: Event Announcement

ğŸ‰ **Fight Night is Coming to Little Havana!** ğŸ‰

Mark your calendars for **November 2nd** at the **Manuel Art Time Theater**! Get ready for an adrenaline-pumping evening of amateur fighting starting at **6 PM**! ğŸ¥ŠğŸ”¥

ğŸ“… **Date:** November 2nd  
ğŸ•• **Time:** 6 PM  
ğŸ“ **Location:** Manuel Art Time Theater, Little Havana

Join us as local fighters showcase their skills in an unforgettable showdown! Whether you're a martial arts enthusiast or just looking for an exciting night out, this is the event for you!

ğŸ‘‰ **Grab your tickets now!** [Link to ticket purchase]

Stay tuned for fighter highlights and event updates leading up to the big night! ğŸ’ª

#305FightsTV #FightNight #MiamiFights #LittleHavana

---

### Post 2: Countdown to Fight Night

â³ **The Countdown is On!** â³

Only **[X days]** left until the action begins at the **Manuel Art Time Theater** in **Little Havana**! ğŸ¥‹ğŸ’¥

ğŸ“… **Date:** November 2nd  
ğŸ•• **Time:** 6 PM

Get ready to support your favorite fighters as they battle it out for victory! ğŸ†

ğŸŸ **Tickets are going fast!** Donâ€™t miss your chance to be part of this thrilling event! [Link to ticket purchase]

Who are you most excited to see in the ring? Let us know in the comments! ğŸ‘‡

#305FightsTV #FightNight #MiamiFights #CountdownToFightNight

---

### Post 3: Fighter Spotlight

ğŸŒŸ **Fighter Spotlight: [Fighter Name]** ğŸŒŸ

As we gear up for Fight Night on **November 2nd**, weâ€™re thrilled to introduce one of our fierce competitors, **[Fighter Name]**! ğŸ¥Š

ğŸ“… **Event:** Fight Night  
ğŸ•• **Date & Time:** November 2nd, 6 PM  
ğŸ“ **Location:** Manuel Art Time Theater, Little Havana

[Fighter Name] has been training hard and is ready to bring the heat! ğŸ”¥

ğŸ‘‰ **Get your tickets now!** [Link to ticket purchase]

Who do you think will take home the win? Share your thoughts below! ğŸ‘‡

#305FightsTV #FighterSpotlight #FightNight #MiamiFights

---

### Post 4: Live Stream Announcement

ğŸ“º **Canâ€™t Make It to Fight Night? Weâ€™ve Got You Covered!** ğŸ“º

If you canâ€™t join us in person on **November 2nd**, donâ€™t worry! Weâ€™ll be live streaming the event on our YouTube channel! ğŸ¥âœ¨

ğŸ—“ **Date:** November 2nd  
ğŸ•• **Time:** 6 PM  
ğŸ“ **Location:** Manuel Art Time Theater, Little Havana

Subscribe to **305FightsTV** and turn on notifications so you donâ€™t miss a moment of the action! ğŸ””

ğŸ‘‰ **Watch live here:** [Link to YouTube channel]

Spread the word and letâ€™s make this Fight Night unforgettable! ğŸ’ª

#305FightsTV #LiveStream #FightNight #MiamiFights

---

Feel free to fill in the specific fighter names, ticket links, and any additional details you want to include!",2024-09-06T19:25:59.463407
6336b156-439f-4c2d-91bd-516cab7fa436,Event-Hosting-Agent,Create posts to advertise the upcoming fight night event: November 2nd Manuel art time theater Little Havana 6pm  ,"### Post 1: Event Announcement

ğŸš¨ **Fight Night is Coming!** ğŸš¨

Mark your calendars for an action-packed evening! Join us on **November 2nd** at the **Manuel Artime Theater** in **Little Havana** for an unforgettable night of amateur fighting! ğŸ¥‹ğŸ’¥

ğŸ—“ **Date:** November 2nd  
ğŸ•• **Time:** 6 PM  
ğŸ“ **Location:** Manuel Artime Theater, Little Havana

Whether you're a fighter or a fan, this is the event you can't afford to miss! Come out to support your favorite fighters and witness some thrilling matchups!

ğŸŸ **Tickets are on sale now!** Donâ€™t waitâ€”grab yours before theyâ€™re gone!

ğŸ‘‰ Follow us for updates and exclusive fighter previews!  
#305FightsTV #FightNight #AmateurFighting #MiamiEvents

---

### Post 2: Meet the Fighters

ğŸ”¥ **Get Ready to Meet the Fighters!** ğŸ”¥

As we gear up for Fight Night on **November 2nd**, weâ€™re thrilled to introduce some of the talented fighters who will be stepping into the ring at the **Manuel Artime Theater**! ğŸ¥Š

ğŸ’ª **Fighter Spotlight: [Fighter Name]** - Known for their incredible technique and heart, [Fighter Name] is ready to showcase their skills!

ğŸ“… **Date:** November 2nd  
ğŸ•• **Time:** 6 PM  
ğŸ“ **Location:** Manuel Artime Theater, Little Havana

Who are you excited to see? Let us know in the comments! 

ğŸŸ **Get your tickets now and be part of the action!**  
#305FightsTV #FighterSpotlight #SupportLocalFighters

---

### Post 3: Countdown to Fight Night

â³ **The Countdown is On!** â³

Only **[X days]** left until the most thrilling amateur fighting event in Miami! Join us on **November 2nd** at the **Manuel Artime Theater** for an evening of adrenaline and excitement!

ğŸ—“ **Date:** November 2nd  
ğŸ•• **Time:** 6 PM  
ğŸ“ **Location:** Manuel Artime Theater, Little Havana

Bring your friends and family to cheer on our amazing fighters! Letâ€™s make this a night to remember!

ğŸŸ **Tickets available now!** Donâ€™t miss out!  
#305FightsTV #CountdownToFightNight #MiamiFights

---

### Post 4: Community Engagement

ğŸ¤¼â€â™‚ï¸ **Attention Fighting Fans!** ğŸ¤¼â€â™€ï¸

Are you ready for an epic night of amateur fighting? Join us on **November 2nd** at the **Manuel Artime Theater** for an action-packed Fight Night!

ğŸ—“ **Date:** November 2nd  
ğŸ•• **Time:** 6 PM  
ğŸ“ **Location:** Manuel Artime Theater, Little Havana

We want to hear from YOU! What matchups are you most excited about? Share your thoughts in the comments below!

ğŸŸ **Secure your tickets today!**  
#305FightsTV #FightNight #MiamiFightingCommunity

---

Feel free to adjust any details or add specific fighter names as needed!",2024-09-06T19:25:59.463407
